ENTRY;Ranking;REASON;
CVE-2013-5856;0;En virtud que es un sistema sólo para presentar ensayos clínicos y no representa un daño directo para el paciente;
CVE-2018-15152;0;En virtud que es una solución de gestión de prácticas médicas y registros médicos electrónicos de código abierto y no tiene que ver directamente con apoyo vital al paciente ;
CVE-2013-5811;0;En virtud que es una solución de gestión de registros médicos relacionados en su mayor parte con el oracle health sciences inform según http://www.oracle.com/us/industries/life-sciences/health-sciences-inform-ds-397109.pdf y no tiene que ver directamente con apoyo vital al paciente ;
CVE-2013-5857;0;En virtud que es una solución de gestión de registros médicos relacionados en su mayor parte con el oracle health sciences inform según http://www.oracle.com/us/industries/life-sciences/health-sciences-inform-ds-397109.pdf y no tiene que ver directamente con apoyo vital al paciente ;
CVE-2013-5837;0;En virtud que es una solución de gestión de registros médicos relacionados en su mayor parte con el oracle health sciences inform según http://www.oracle.com/us/industries/life-sciences/health-sciences-inform-ds-397109.pdf y no tiene que ver directamente con apoyo vital al paciente ;
CVE-2018-2613;0;En virtud que es una solución de gestión de registros médicos relacionados en su mayor parte con el oracle health sciences inform según http://www.oracle.com/us/industries/life-sciences/health-sciences-inform-ds-397109.pdf y no tiene que ver directamente con apoyo vital al paciente ;
CVE-2018-2644;0;En virtud que es una solución de gestión de registros médicos relacionados en su mayor parte con el oracle health sciences inform según http://www.oracle.com/us/industries/life-sciences/health-sciences-inform-ds-397109.pdf y no tiene que ver directamente con apoyo vital al paciente;
CVE-2018-2642;0;En virtud que es una solución de gestión de registros médicos relacionados en su mayor parte con el oracle health sciences inform según http://www.oracle.com/us/industries/life-sciences/health-sciences-inform-ds-397109.pdf y no tiene que ver directamente con apoyo vital al paciente;
CVE-2018-2643;0;En virtud que es una solución de gestión de registros médicos relacionados en su mayor parte con el oracle health sciences inform según http://www.oracle.com/us/industries/life-sciences/health-sciences-inform-ds-397109.pdf y no tiene que ver directamente con apoyo vital al paciente;
CVE-2006-2517;0;En virtud que es una solución de gestión de registros médicos y no tiene que ver directamente con apoyo vital al paciente;
CVE-2017-8942;0;En virtud que Healthy Diet & Grocery Food Scanner al atentar contra la confidencialidad no afecta o es un sistema de apoyo vital para un ser humano;
CVE-2010-3593;0;En virtud que oracle argus Safety es un sistema de farmacovigilancia que proporciona un completo fundamento para la gestión de casos e informes y no tiene nada que ver con el apoyo vital a un paciente;
CVE-2017-14006;1;En virtud que GE Xeleris medical imaging systems es empleado en el campo de la imagenología del paciente y en caso de ser necesario urgentemente podría comprometer su salud;
CVE-2011-3386;1;En virtud que  Medtronic Paradigm wireless insulin pump se emplea para suministrar insulina aun paciente y eso es de vital importancia en su salud;
CVE-2014-0348;0;En virtud que Artiva Healthcare y su solución HCx presenta un paquete completo para mejorar la productividad, aumentar las recuperaciones de efectivo y reducir el costo de la recaudación y no tiene que ver directamente con el apoyo vital a un paciente ;
CVE-2016-8355;1;En virtud que el sistema es utilizada por personal selecto para ingresar y administrar su biblioteca estandarizada de protocolos de bombas para el control del dolor en la red del hospital y compromete directamente la salud del paciente ;
CVE-2016-8358;1;En virtud que el sistema es utilizada por personal selecto para ingresar y administrar su biblioteca estandarizada de protocolos de bombas para el control del dolor en la red del hospital y compromete directamente la salud del paciente ;
CVE-2018-14786;1;En virtud que es un sistema que controla el suministro del medicamento que es entregado por jeringa, compromete críticamente la salud del paciente dependiendo que medicamento se coloque ;
CVE-2002-2445;1;Los sistemas Millennium MG, Millennium MC y Millennium Myosight Nuclear Medicine son dispositivos utilizados para tomar imágenes de los órganos o tejidos de un paciente para ayudar a diagnosticar o tratar una afección o enfermedad de salud. Estos sistemas están diseñados para usarse como dispositivos de diagnóstico por imágenes que permiten al usuario adquirir datos para imágenes tridimensionales de alta resolución, su afectación sobre un paciente puede ser alta ya que depende de un correcto diagnóstico;
CVE-2002-2446;1;Los sistemas Millennium MG, Millennium MC y Millennium Myosight Nuclear Medicine son dispositivos utilizados para tomar imágenes de los órganos o tejidos de un paciente para ayudar a diagnosticar o tratar una afección o enfermedad de salud. Estos sistemas están diseñados para usarse como dispositivos de diagnóstico por imágenes que permiten al usuario adquirir datos para imágenes tridimensionales de alta resolución, su afectación sobre un paciente puede ser alta ya que depende de un correcto diagnóstico;
CVE-2007-6756;1;El desfibrilador / monitor ZOLL serie M, serie E y serie R tiene una contraseña predeterminada para el modo de configuración del sistema, que permite a los atacantes físicamente próximos modificar la configuración del dispositivo y causar una denegación de servicio (efectos adversos para la salud humana) ;
CVE-2007-6757;1;Centricity Cardiology Data Management System (DMS) es un repositorio dinámico de datos cliente / servidor con una multitud de opciones de configuración para unidades de cardiología en hospitales. Se compone de varios módulos de cardiología clínica donde se registran y almacenan datos de procedimientos. De tal modo que puede comprometer el apoyo en procedimientos para el paciente;
CVE-2010-5306;1;GE Healthcare Optima CT680 es un instrumento para realizar pruebas al paciente y en caso de ser crítico puede comprometer el apoyo vital al paciente;
CVE-2012-6694;1;GE Healthcare Centricity PACS Workstation es utilizado en el campo de radiología y puede comprometer el la salud del paciente;
CVE-2015-3459;1;Hospira Abbott Lifecare PCA se encarga de entregar dosis de terapia en analgesia controlada para el paciente. Puede comprometer la vida del paciente si se excede la dosis o si falta por fallos y dependencias del sistema;
CVE-2015-3957;1;Hospira LifeCare PCA Infusion System controla la infusión de medicacion analgésica del paciente, puede afectar la integridad del paciente al resibir una dosis médica no controlada.;
CVE-2017-12718;1;Las bombas de infusión de jeringa se usan para administrar pequeñas dosis de medicamentos de una variedad de tamaños de jeringas en entornos de cuidados agudos, generalmente se usa en el campo neonatal y pediatría. Considero muy grave el suministrar una dosis no recomendada al paciente.;
CVE-2017-12720;1;Las bombas de infusión de jeringa se usan para administrar pequeñas dosis de medicamentos de una variedad de tamaños de jeringas en entornos de cuidados agudos, generalmente se usa en el campo neonatal y pediatría. Considero muy grave el suministrar una dosis no recomendada al paciente.;
CVE-2017-12721;1;Las bombas de infusión de jeringa se usan para administrar pequeñas dosis de medicamentos de una variedad de tamaños de jeringas en entornos de cuidados agudos, generalmente se usa en el campo neonatal y pediatría. Considero grave el suministrar una dosis no recomendada al paciente.;
CVE-2017-12722;1;Las bombas de infusión de jeringa se usan para administrar pequeñas dosis de medicamentos de una variedad de tamaños de jeringas en entornos de cuidados agudos, generalmente se usa en el campo neonatal y pediatría. Considero grave quitar la disponibilidad al suministrar una dosis al paciente.;
CVE-2017-12723;1;Las bombas de infusión de jeringa se usan para administrar pequeñas dosis de medicamentos de una variedad de tamaños de jeringas en entornos de cuidados agudos, generalmente se usa en el campo neonatal y pediatría. Considero leve atentar contra la confidencialidad al suministrar una dosis al paciente.;
CVE-2017-12724;1;Las bombas de infusión de jeringa se usan para administrar pequeñas dosis de medicamentos de una variedad de tamaños de jeringas en entornos de cuidados agudos, generalmente se usa en el campo neonatal y pediatría. Considero muy grave afectar el principio CID al suministrar una dosis no recomendada al paciente.;
CVE-2017-12725;1;Las bombas de infusión de jeringa se usan para administrar pequeñas dosis de medicamentos de una variedad de tamaños de jeringas en entornos de cuidados agudos, generalmente se usa en el campo neonatal y pediatría. Considero grave el suministrar una dosis no recomendada al paciente a pesar que se altere de manera baja los principios CID.;
CVE-2017-12726;1;Las bombas de infusión de jeringa se usan para administrar pequeñas dosis de medicamentos de una variedad de tamaños de jeringas en entornos de cuidados agudos, generalmente se usa en el campo neonatal y pediatría. Considero grave el suministrar una dosis no recomendada al paciente a pesar que se altere de manera baja los principios CID.;
CVE-2011-2309;1;Health Sciences - Oracle Clinical ayuda a llevar los ensayos clínicos de un hospital, al ser posible adulterar la integridad de los resultados, se puede comprometer el diagnóstico en un paciente.  ;
CVE-2011-2323;0;Oracle Thesaurus Management System permite gestionar procesos de la industria farmaceútica al no tratarse directamente de un sistema que comprometa el apoyo vital del paciente, no es de impacto grave.;
CVE-2011-5323;1;GE Healthcare Centricity es un sistema para Almacenamiento y Transferencia de Imágenes (PACS), Post Procesado 3D, herramientas de mamografía y acceso completo a imágenes médicas desde un único escritorio al comprometer CID puede complicar el diagnóstico oportuno de un paciente.;
CVE-2011-5324;1;GE Healthcare Centricity es un sistema para Almacenamiento y Transferencia de Imágenes (PACS), Post Procesado 3D, herramientas de mamografía y acceso completo a imágenes médicas desde un único escritorio al comprometer CID puede complicar el diagnóstico oportuno de un paciente.;
CVE-2012-6695;1;GE Healthcare Centricity es un sistema para Almacenamiento y Transferencia de Imágenes (PACS), Post Procesado 3D, herramientas de mamografía y acceso completo a imágenes médicas desde un único escritorio al comprometer CID puede complicar el diagnóstico oportuno de un paciente.;
CVE-2013-3061;0;SAP ERP es empleado para el apoyo en procesos hospitalarios, orientado a que los empleados trabajen mejor y aumenten su productividad. no afecta directamente al apoyo vital del paciente;
CVE-2013-7442;1;GE Healthcare Centricity es un sistema para Almacenamiento y Transferencia de Imágenes (PACS), Post Procesado 3D, herramientas de mamografía y acceso completo a imágenes médicas desde un único escritorio al comprometer CID puede complicar el diagnóstico oportuno de un paciente.;
CVE-2014-7232;1;GE Healthcare Discovery es un sistema para adquisición de múltiples imágenes en milisegundos a diferentes niveles de energía. puede complicar el diagnóstico de un paciente y su soporte vital;
CVE-2015-2814;1;Permite llevar los registros médicos de un paciente de modo electrónico, resultados de laboratorio acumulativos, etc. No compromete directamente el soporte a un paciente ya que afecta a la integridad y disponibilidad.;
CVE-2016-8375;1;Carefusion Alaris PC proporciona una interfaz de usuario común para programar infusiones y monitoreo, lo que ayuda a reducir la complejidad en el punto de atención. Al tratarse de un sistema que permite infusiones y monitoreo y su conficendialidad se ve vulnerable se ha categorizado con ese nivel.;
CVE-2018-4845;1;RAPIDPoint 400 systems proporcionan resultados rápidos y esto significa decisiones más rápidas para un tratamiento más temprano. Al afectar en alto las propiedades CID, puede complicar la salud de un paciente o el diagnóstico temprano para un tratamiento.;
CVE-2018-4846;1;RAPIDPoint 400 systems proporcionan resultados rápidos y esto significa decisiones más rápidas para un tratamiento más temprano. Al afectar en alto las propiedades CID, puede complicar la salud de un paciente o el diagnóstico temprano para un tratamiento.;
CVE-2019-2430;0;En virtud que oracle argus Safety es un sistema de farmacovigilancia que proporciona un completo fundamento para la gestión de casos e informes y no tiene nada que ver con el apoyo vital a un paciente;
CVE-2019-2431;0;En virtud que oracle argus Safety es un sistema de farmacovigilancia que proporciona un completo fundamento para la gestión de casos e informes y no tiene nada que ver con el apoyo vital a un paciente;
CVE-2019-2432;0;En virtud que oracle argus Safety es un sistema de farmacovigilancia que proporciona un completo fundamento para la gestión de casos e informes y no tiene nada que ver con el apoyo vital a un paciente;
CVE-2001-1594;1;GE Healthcare eNTEGRA es un instrumento para realizar pruebas al paciente y en caso de ser crítico puede comprometer el apoyo vital al paciente;
CVE-2003-1603;1;GE Healthcare Discovery es un sistema para adquisición de múltiples imágenes en milisegundos a diferentes niveles de energía. puede complicar el diagnóstico de un paciente y su soporte vital;
CVE-2004-2777;1;GE Healthcare Centricity Image Vault es un sistema para adquisición de múltiples imágenes en milisegundos a diferentes niveles de energía. puede complicar el diagnóstico de un paciente y su soporte vital;
CVE-2005-2285;0;La vulnerabilidad WebEOC está relacionada a la obtención de información médica de un usuario y su historial clínico. No afecta a su soporte vital.;
CVE-2006-7253;1;GE Healthcare Infinia es un sistema para adquisición de múltiples imágenes en milisegundos a diferentes niveles de energía. puede complicar el diagnóstico de un paciente y su soporte vital;
CVE-2009-5143;1;GE Healthcare Discovery es un sistema para adquisición de múltiples imágenes en milisegundos a diferentes niveles de energía. puede complicar el diagnóstico de un paciente y su soporte vital;
CVE-2010-5307;1;GE Healthcare Optima es un sistema para adquisición de múltiples imágenes en milisegundos a diferentes niveles de energía. puede complicar el diagnóstico de un paciente y su soporte vital;
CVE-2010-5308;1;GE Healthcare Optima es un sistema para adquisición de múltiples imágenes en milisegundos a diferentes niveles de energía. puede complicar el diagnóstico de un paciente y su soporte vital;
CVE-2010-5309;1;GE Healthcare CADStream es un sistema para adquisición de múltiples imágenes en milisegundos a diferentes niveles de energía. puede complicar el diagnóstico de un paciente y su soporte vital;
CVE-2010-5310;1;GE Healthcare Revolution es un sistema para adquisición de múltiples imágenes en milisegundos a diferentes niveles de energía. puede complicar el diagnóstico de un paciente y su soporte vital;
CVE-2011-5322;1;GE Healthcare Centricity es un sistema para adquisición de múltiples imágenes en milisegundos a diferentes niveles de energía. puede complicar el diagnóstico de un paciente y su soporte vital;
CVE-2012-6660;1;GE Healthcare Precision es un sistema para adquisición de múltiples imágenes en milisegundos a diferentes niveles de energía. puede complicar el diagnóstico de un paciente y su soporte vital;
CVE-2012-6693;1;GE Healthcare Centricity es un sistema para adquisición de múltiples imágenes en milisegundos a diferentes niveles de energía. puede complicar el diagnóstico de un paciente y su soporte vital;
CVE-2013-7395;1;ZOLL Defibrillator / Monitor X Series  es un sista de apoyo vital para el paciente y se atenta a la discponibilidad con ataques de denegación de servicio;
CVE-2013-7404;1;GE Healthcare Discovery es un sistema para adquisición de múltiples imágenes en milisegundos a diferentes niveles de energía. puede complicar el diagnóstico de un paciente y su soporte vital;
CVE-2013-7405;1;GE Healthcare Centricity es un sistema para adquisición de múltiples imágenes en milisegundos a diferentes niveles de energía. puede complicar el diagnóstico de un paciente y su soporte vital;
CVE-2014-5406;1;Hospira LifeCare PCA Infusion System controla la infusión de medicacion analgésica del paciente, puede afectar la integridad del paciente al resibir una dosis médica no controlada.;
CVE-2014-5431;1;Baxter SIGMA Spectrum Infusion System controla la infusión de medicacion analgésica del paciente, puede afectar la integridad del paciente al resibir una dosis médica no controlada.;
CVE-2014-5969;0;healthylifestyle application permite llevar el control de la nutricion relacionada a una persona. Al no ser un istema de apoyo vital para el paciente se la ha considerado baja;
CVE-2014-6713;0;The MedQuiz: Medical Chat and MCQs permite llevar un caht médico relacionado a una persona. Al no ser un istema de apoyo vital para el paciente se la ha considerado baja;
CVE-2014-6717;0;iTriage es una aplicación gratuita que lo coloca en el centro de su atención médica, en cualquier lugar y en cualquier momento. Al no ser un istema de apoyo vital para el paciente se la ha considerado baja;
CVE-2014-6739;0;The Well-Being Connect Mobile facilita el seguimiento y la administración de su salud y bienestar sobre la marcha. Esta aplicación extiende su plan de bienestar basado en la web a su dispositivo móvil. Al no ser un istema de apoyo vital para el paciente se la ha considerado baja;
CVE-2014-7233;1;GE Healthcare Precision es un sistema para adquisición de múltiples imágenes en milisegundos a diferentes niveles de energía. puede complicar el diagnóstico de un paciente y su soporte vital;
CVE-2014-7335;0;The Liver Health - Hepatitis C es una aplicación centrada en el control y prevención de la enfermedad. Al no ser un sistemade apoyo vital al paciente se a ha considerado como baja.;
CVE-2014-7476;0;The Healthy Lunch Diet Recipes es una aplicación orientada a la elaboración de recetas saludables. Al no ser un sistemade apoyo vital al paciente se a ha considerado como baja.;
CVE-2014-7562;0;The Health Advocate SmartHelp application pone a expertos y recursos al alcance del usuario para un acceso rápido y conveniente en cualquier momento y lugar, accediendo a todos los programas Health Advocate. Al no ser un sistemade apoyo vital al paciente se a ha considerado como baja.;
CVE-2014-7646;0;The EMT-Paramedic Lite application es la guía más reciente y actual de NREMT diseñada y desarrollada desde cero por la práctica actual de EMT y paramédicos. Al no ser un sistemade apoyo vital al paciente se a ha considerado como baja.;
CVE-2014-7760;0;The Health assistance service application es un sistema para apoyo de salud de un usuario. Al no ser un sistemade apoyo vital al paciente se a ha considerado como baja.;
CVE-2014-8659;0;Sap Environment Health es empleado para el apoyo en procesos hospitalarios, orientado a que los empleados trabajen mejor y aumenten su productividad. no afecta directamente al apoyo vital del paciente;
CVE-2014-8664;0;EHS-SAF Sap Environment Health es empleado para el apoyo en procesos hospitalarios, orientado a que los empleados trabajen mejor y aumenten su productividad. no afecta directamente al apoyo vital del paciente.;
CVE-2014-9736;1;GE Healthcare Centricity es un sistema para adquisición de múltiples imágenes en milisegundos a diferentes niveles de energía. puede complicar el diagnóstico de un paciente y su soporte vital;
CVE-2015-1011;1;Hospira LifeCare PCA Infusion System controla la infusión de medicacion analgésica del paciente, puede afectar la integridad del paciente al resibir una dosis médica no controlada.;
CVE-2015-2579;0;En virtud que oracle argus Safety es un sistema de farmacovigilancia que proporciona un completo fundamento para la gestión de casos e informes. Al no ser un sistemade apoyo vital al paciente se a ha considerado como baja.;
CVE-2015-2898;0;Medicomp Medcin Engine es un sistema de registro electrónico apra salud. Al no ser un sistemade apoyo vital al paciente se a ha considerado como baja.;
CVE-2015-2899;0;Medicomp Medcin Engine es un sistema de registro electrónico apra salud. Al no ser un sistemade apoyo vital al paciente se a ha considerado como baja.;
CVE-2015-2900;0;Medicomp Medcin Engine es un sistema de registro electrónico apra salud. Al no ser un sistemade apoyo vital al paciente se a ha considerado como baja.;
CVE-2015-2901;0;Medicomp Medcin Engine es un sistema de registro electrónico apra salud. Al no ser un sistemade apoyo vital al paciente se a ha considerado como baja.;
CVE-2015-3955;1;Hospira LifeCare PCA Infusion System controla la infusión de medicacion analgésica del paciente, puede afectar la integridad del paciente al resibir una dosis médica no controlada.;
CVE-2015-3958;1;Hospira LifeCare PCA Infusion System controla la infusión de medicacion analgésica del paciente, puede afectar la integridad del paciente al resibir una dosis médica no controlada.;
CVE-2015-4591;0;Health de eClinicalWorks ayudan a las prácticas médicas de todo tipo a brindar atención de manera más efectiva y eficiente. Al no ser un sistemade apoyo vital al paciente se a ha considerado como baja.;
CVE-2015-4592;0;Health de eClinicalWorks ayudan a las prácticas médicas de todo tipo a brindar atención de manera más efectiva y eficiente. Al no ser un sistemade apoyo vital al paciente se a ha considerado como baja.;
CVE-2015-4593;0;Health de eClinicalWorks ayudan a las prácticas médicas de todo tipo a brindar atención de manera más efectiva y eficiente. Al no ser un sistemade apoyo vital al paciente se a ha considerado como baja.;
CVE-2015-4594;0;Health de eClinicalWorks ayudan a las prácticas médicas de todo tipo a brindar atención de manera más efectiva y eficiente. Al no ser un sistemade apoyo vital al paciente se a ha considerado como baja.;
CVE-2015-6006;0;Medicomp Medcin Engine es un sistema de registro electrónico apra salud. Al no ser un sistemade apoyo vital al paciente se a ha considerado como baja.;
CVE-2017-10718;1;Shekar Endoscope es una cámara empleada para la endoscopía, Cualquier usuario malintencionado que se conecte al dispositivo puede cambiar el SSID y la contraseña predeterminados, negando así al propietario el acceso a su propio dispositivo. Esto afecta directamente al apoyo vital de un paciente ya que puede ocurrir durante una operación;
CVE-2017-10719;1;Shekar Endoscope es una cámara empleada para la endoscopía, Cualquier usuario malintencionado que se conecte al dispositivo puede cambiar el SSID y la contraseña predeterminados, negando así al propietario el acceso a su propio dispositivo. Esto afecta directamente al apoyo vital de un paciente ya que puede ocurrir durante una operación;
CVE-2017-10721;1;Shekar Endoscope es una cámara empleada para la endoscopía, Cualquier usuario malintencionado que se conecte al dispositivo puede cambiar el SSID y la contraseña predeterminados, negando así al propietario el acceso a su propio dispositivo. Esto afecta directamente al apoyo vital de un paciente ya que puede ocurrir durante una operación;
CVE-2017-10723;1;Shekar Endoscope es una cámara empleada para la endoscopía, Cualquier usuario malintencionado que se conecte al dispositivo puede cambiar el SSID y la contraseña predeterminados, negando así al propietario el acceso a su propio dispositivo. Esto afecta directamente al apoyo vital de un paciente ya que puede ocurrir durante una operación;
CVE-2017-10724;1;Shekar Endoscope es una cámara empleada para la endoscopía, Cualquier usuario malintencionado que se conecte al dispositivo puede cambiar el SSID y la contraseña predeterminados, negando así al propietario el acceso a su propio dispositivo. Esto afecta directamente al apoyo vital de un paciente ya que puede ocurrir durante una operación;
CVE-2017-14002;1;GE Healthcare Infinia es un sistema para adquisición de múltiples imágenes en milisegundos a diferentes niveles de energía. puede complicar el diagnóstico de un paciente y su soporte vital;
CVE-2017-14101;1;Un investigador de seguridad encontró una vulnerabilidad de entidad externa XML (XXE) en la solución de archivo del repositorio de imágenes de Conserus versión 2.1.1.105 de McKesson Medical Imaging Company, que ahora es una empresa de Change Healthcare. Al afectar al CID puede atentar al apoyo vital y diagnóstico de un paciente;
CVE-2017-16776;1;Conserus Workflow permite a un atacante no autenticado explotar la vulnerabilidad y tener acceso limitado a otras cuentas. Un atacante autenticado puede explotar la vulnerabilidad y obtener acceso reservado para usuarios con mayores privilegios.;
CVE-2017-5149;1;El transmisor Merlin @ home ™ permite una gestión eficiente de la atención remota de pacientes con dispositivos cardíacos implantados a través de transmisiones programadas y monitoreo diario de alertas. Puede complementar o reemplazar las visitas en la clínica con transmisiones remotas de pacientes. Al momento de necesitar un paciente asistencia cardiaca puede estar indisponible el sistema ocacionando su muerte;
CVE-2017-5906;0;La aplicación Everyday Health Diabetes in Check: Blood Glucose & Carb Tracker 3.4.2 para iOS no verifica los certificados X.509 de los servidores SSL, lo que permite a los atacantes intermedios falsificar servidores y obtener información confidencial a través de un certificado elaborado. Al no ser un sistema de apoyo vital al paciente, se ha considerado como bajo.;
CVE-2017-6018;0;SpaceCom se utiliza para conectar dispositivos externos para la documentación de datos en un sistema de gestión de datos de pacientes, PC o memoria USB. Al no ser un sistema de apoyo vital al paciente, se ha considerado como bajo.;
CVE-2017-8940;0;La aplicación Zipongo - Healthy Recipes and Grocery Deals se utiliza para elaborar recetas saludables para las personas. Al no ser un sistema de apoyo vital al paciente, se ha considerado como bajo.;
CVE-2018-1000646;0;La aplicación LibreHealth EHR es un sistema de registro de salud electrónico (EHR). Al no ser un sistema de apoyo vital para el paciente, se lo ha ctalogado como bajo;
CVE-2018-1000647;0;La aplicación LibreHealth EHR es un sistema de registro de salud electrónico (EHR). Al no ser un sistema de apoyo vital para el paciente, se lo ha ctalogado como bajo;
CVE-2018-1000648;0;La aplicación LibreHealth EHR es un sistema de registro de salud electrónico (EHR). Al no ser un sistema de apoyo vital para el paciente, se lo ha ctalogado como bajo;
CVE-2018-1000649;0;La aplicación LibreHealth EHR es un sistema de registro de salud electrónico (EHR). Al no ser un sistema de apoyo vital para el paciente, se lo ha ctalogado como bajo;
CVE-2018-1000650;0;La aplicación LibreHealth EHR es un sistema de registro de salud electrónico (EHR). Al no ser un sistema de apoyo vital para el paciente, se lo ha ctalogado como bajo;
CVE-2018-13610;0;MedicayunLink No es un sistema de apoyo vital al paciente, se lo ha calificado con un ranking bajo. ;
CVE-2018-17393;0;Hospital Management System es un software diseñado para gestionar todas las áreas de un hospital, tales como servicios médicos, financieros, administrativos y el procesamiento correspondiente de servicios. Al no ser de apoyo vital para el paciente se ha catalogado como bajo;
CVE-2018-19001;0;Es una aplicación que permite dar seguimiento a los hábitos de salud de una persona que tenga una cuenta. Al no ser un sistema de apoyo critico para el paciente se lo ha catalogado como bajo.;
CVE-2018-5438;1;La aplicación ISCV de Philips tiene una vulnerabilidad de vencimiento de sesión insuficiente donde puede obtener acceso no autorizado a la información de salud del paciente y posiblemente modificarla. Al atentar a la historia clínica del paciente ha sido catalogad commo media;
CVE-2018-5457;1;Vyaire Medical produce productos para el diagnóstico, tratamiento y monitoreo de enfermedades respiratorias en todas las situaciones. Al ser un sistema de apoyo vital al paciente, se puede considerar como alto;
CVE-2019-2629;0;En virtud que es una solución de gestión de registros médicos relacionados en su mayor parte con el oracle health sciences inform según http://www.oracle.com/us/industries/life-sciences/health-sciences-inform-ds-397109.pdf y no tiene que ver directamente con apoyo vital al paciente ;
CVE-2019-5024;1;SmartLinx se desarrolló para conectar dispositivos médicos en un sistema integrado que no solo proporciona conectividad con registros médicos electrónicos (EMR) y otros sistemas de información, sino que también ofrece monitoreo, administración y análisis en tiempo real Datos del paciente. Puede complicar de manera crítica si uno de los dispositivos conectados es de apoyo vital al paciente.;
CVE-2019-9607;0;Una vulnerabilidad ha sido encontrada en PHP Scripts Mall Medical Script 3.0.3 (Software de lenguaje de programación) y clasificada como crítica. Una función desconocida es afectada por esta vulnerabilidad. Debido a la manipulación con una entrada desconocida, se genera una vulnerabilidad transversal del directorio. Al no comprometer directmente la criticidad de salud de un paciente se la consideró baja;
CVE-2017-12701;1;BMC Medical Luna CPAP Machines es una máquina de terapia de presión positiva continua en las vías respiratorias (CPAP). Al atentarse contra la disponibilidad, puede comprometer el apoyo vital a un paciente y esto iimplica criticidad;
CVE-2017-2704;0;HiHealthApp almacena claves de cifrado en el sistema y si el atacane hace ingeniería inversa puede descubrirlas y obtener información del paciente. Al no ser un sistema de apoyo vital al paciente se consideró como bajo.;
CVE-2018-1000645;0;La aplicación LibreHealth EHR es un sistema de registro de salud electrónico (EHR). Al no ser un sistema de apoyo vital para el paciente, se lo ha ctalogado como bajo;
CVE-2018-18975;0;El sistema inteligente de medición y aplicación CONTOUR® NEXT ONE combina una precisión notable con facilidad de uso para beneficiar a una amplia gama de pacientes que viven con diabetes. Al ser un sistema de reportería y no atentarse contra la disponibilidad. Se considera bajo.;
CVE-2018-18976;0;El sistema inteligente de medición y aplicación CONTOUR® NEXT ONE combina una precisión notable con facilidad de uso para beneficiar a una amplia gama de pacientes que viven con diabetes. Al ser un sistema de reportería y no atentarse contra la disponibilidad. Se considera bajo.;
CVE-2018-18977;0;El sistema inteligente de medición y aplicación CONTOUR® NEXT ONE combina una precisión notable con facilidad de uso para beneficiar a una amplia gama de pacientes que viven con diabetes. Al ser un sistema de reportería y no atentarse contra la disponibilidad. Se considera bajo.;
CVE-2018-18978;0;El sistema inteligente de medición y aplicación CONTOUR® NEXT ONE combina una precisión notable con facilidad de uso para beneficiar a una amplia gama de pacientes que viven con diabetes. Al ser un sistema de reportería y no atentarse contra la disponibilidad. Se considera bajo.;
CVE-2018-18979;0;El sistema inteligente de medición y aplicación CONTOUR® NEXT ONE combina una precisión notable con facilidad de uso para beneficiar a una amplia gama de pacientes que viven con diabetes. Al ser un sistema de reportería y no atentarse contra la disponibilidad. Se considera bajo.;
CVE-2018-7510;1;BeaconMedaes se encarga de la producción de aire médico. Al ser vital para el apoyo del paciente se ha catalogado como crítico.;
CVE-2018-7518;1;BeaconMedaes se encarga de la producción de aire médico. Al ser vital para el apoyo del paciente se ha catalogado como crítico.;
CVE-2018-7526;1;BeaconMedaes se encarga de la producción de aire médico. Al ser vital para el apoyo del paciente pero no comprometer la integridad y disponibilidad se ha catalogado como alto.;
CVE-2019-11687;1;los archivos TIFF / DICOM de doble propósito se utilizan en imágenes digitales de diapositivas completas para aplicaciones en medicina. Al afectar el funcionamiento de los sistemas de apoyo vital para el paciente se lo ha consiiderado como alta.;
CVE-2004-0624;0;Artmedic en un CMS que está destinado principalmente a la creación de sitios web pequeños y medianos y por ende a gestionar información del paciente, al no ser un sistema de apoyo vital, su prioridad ha sido considerada como baja.;
CVE-2006-2119;0;Artmedic en un CMS que está destinado principalmente a la creación de sitios web pequeños y medianos y por ende a gestionar información del paciente, al no ser un sistema de apoyo vital, su prioridad ha sido considerada como baja.;
CVE-2006-2608;0;Artmedic en un CMS que está destinado principalmente a la creación de sitios web pequeños y medianos y por ende a gestionar información del paciente, el módulo de newsletter es un componente más y al no ser un sistema de apoyo vital, su prioridad ha sido considerada como baja.;
CVE-2006-2609;0;Artmedic en un CMS que está destinado principalmente a la creación de sitios web pequeños y medianos y por ende a gestionar información del paciente, el módulo de newsletter es un componente más y al no ser un sistema de apoyo vital, su prioridad ha sido considerada como baja.;
CVE-2006-4905;0;Artmedic en un CMS que está destinado principalmente a la creación de sitios web pequeños y medianos y por ende a gestionar información del paciente, el módulo de newsletter es un componente más y al no ser un sistema de apoyo vital, su prioridad ha sido considerada como baja.;
CVE-2007-5489;0;Artmedic en un CMS que está destinado principalmente a la creación de sitios web pequeños y medianos y por ende a gestionar información del paciente, el módulo de newsletter es un componente más y al no ser un sistema de apoyo vital, su prioridad ha sido considerada como baja.;
CVE-2007-5600;0;Artmedic en un CMS que está destinado principalmente a la creación de sitios web pequeños y medianos y por ende a gestionar información del paciente, el módulo de newsletter es un componente más y al no ser un sistema de apoyo vital, su prioridad ha sido considerada como baja.;
CVE-2008-0765;0;Artmedic en un CMS que está destinado principalmente a la creación de sitios web pequeños y medianos y por ende a gestionar información del paciente, el módulo de newsletter es un componente más y al no ser un sistema de apoyo vital, su prioridad ha sido considerada como baja.;
CVE-2008-0798;0;Artmedic en un CMS que está destinado principalmente a la creación de sitios web pequeños y medianos y por ende a gestionar información del paciente, el módulo de newsletter es un componente más y al no ser un sistema de apoyo vital, su prioridad ha sido considerada como baja.;
CVE-2019-15563;1;OHDSI permite construir su propio entorno para almacenar datos de salud de observación a nivel del paciente, convertir sus datos a los estándares de datos comunitarios abiertos de OHDSI (incluido el Modelo de datos comunes de OMOP), ejecutar análisis de código abierto utilizando el kit de herramientas OHDSI, y colaborar en los estudios de investigación de OHDSI que promueven nuestra misión compartida hacia la generación de evidencia confiable. Si se confìan todos los datos del paciente en este sistema y es vulnerable a SQLI, podría atentar contra la atención oportuna y vida.;
CVE-2020-11674;0;Cerner medico 26.00 está diseñado para la asistencia en rehabilitación física, no suministra ninguna sustancia médica por lo que no podrìa comprometer la vida al no ser un sistema de apoyo vital;
CVE-2020-11675;0;Cerner medico 26.00 está diseñado para la asistencia en rehabilitación física, no suministra ninguna sustancia médica por lo que no podrìa comprometer la vida al no ser un sistema de apoyo vital;
CVE-2020-11676;0;Cerner medico 26.00 está diseñado para la asistencia en rehabilitación física, no suministra ninguna sustancia médica por lo que no podrìa comprometer la vida al no ser un sistema de apoyo vital;
CVE-2020-11677;0;Cerner medico 26.00 está diseñado para la asistencia en rehabilitación física, no suministra ninguna sustancia médica por lo que no podrìa comprometer la vida al no ser un sistema de apoyo vital;
CVE-2020-12039;1; Sigma Spectrum Infusion System v's6.x es una bomba de ifución que puede suministrar de manera errática la dosis de medicina para un paciente, en este sentido, al considerarse de apoyo vital para un paciente, compromete la vida;
CVE-2020-8788;0;Synaptive Medical ClearCanvas ImageServer 3.0 es usado para obtener imágenes representadas de un servidor de imágenes, en este sentido no es directamente de apoyo vital para el paciente, por lo que no compromete a su salud.;
CVE-2019-18254;1;BIOTRONIK CardioMessenger II Permite al paciente enviar datos crìticos sobre el estado de salud de su corazón al médico tratante, se encuentra integrado a un desfibrilador automático, por lo que en caso de fallar pondría en riesgo la salud del paciente;
CVE-2020-11436;1;LibreHealth es un sistema que permite el almacenamiento y gestión electrónica del historial médica asociado a un paciente, la vulnerabilidad se encuentra asociada con una amenaza a la integridad de la información almacenada, por lo tanto puede comprometer la vida del paciente al proporcionar información falsa.;
CVE-2020-11437;1;LibreHealth es un sistema que permite el almacenamiento y gestión electrónica del historial médica asociado a un paciente, la vulnerabilidad se encuentra asociada con una amenaza a la integridad de la información almacenada, por lo tanto puede comprometer la vida del paciente al proporcionar información falsa.;
CVE-2020-11438;1;LibreHealth es un sistema que permite el almacenamiento y gestión electrónica del historial médica asociado a un paciente, la vulnerabilidad se encuentra asociada con una amenaza a la integridad de la información almacenada, por lo tanto puede comprometer la vida del paciente al proporcionar información falsa.;
CVE-2020-11439;1;LibreHealth es un sistema que permite el almacenamiento y gestión electrónica del historial médica asociado a un paciente, la vulnerabilidad se encuentra asociada con una amenaza a la integridad de la información almacenada, por lo tanto puede comprometer la vida del paciente al proporcionar información falsa.;
CVE-2020-12036;1;PRISMAFLEX está diseñado para apoyar la recuperación de pacientes críticos con lesión renal aguda (IRA). En caso de presentar falencias en la dosificación enfocada a la hemodiálisis, podrìa comprometer la vida del paciente;
CVE-2020-12039;1;Baxter Sigma Spectrum Infusion Pumps  es empleado para programar la infusión intravenosa del medicamento a pacientes, optimizando errores, sin embaro, al acceder a las configuraciones del dispositivo puede afectar por terceros el suministro del medicamento programado;
CVE-2020-23829;0;LibreHealth EHR en el ataque de inclusión de archivos remotos para posterior ejecución puede interferir en la historia clínica del paciente, sin embargo al no tratarse de un sistema de apoyo votal al paciente, no presenta un impacto crítico a la salud;
CVE-2020-25175;0;GE Healthcare Imaging and Ultrasound se encuentra diseñado para apoyar al médico en el diagnóstico de afecciones médicas, sin embargo al no tratarse de un sistema de apoyo vital para el paciente, no se puede considerar como crítico para el soporte vital;
CVE-2020-25179;0;GE Healthcare Imaging and Ultrasound se encuentra diseñado para apoyar al médico en el diagnóstico de afecciones médicas, sin embargoal notratarsede un sistema de apoyo vital para el paciente, no se puede considerar como crítico para el soporte vital;
CVE-2020-28074;0;SourceCodester Online Health Care System se trata de un sistema de atención médica en línea, no es comotal un artefacto que afecte al soporte vital de un paciente;
CVE-2020-28937;1;OpenClinic es un sistema de registros médicos, considerando que si se modifica el expediente médico de un paciente para omitir la alergia a un medicamento o osibles enfermedades, esto commprometerìa el diagòstico y suministro de medicamentos por el profesional de la salud;
CVE-2020-28939;1;OpenClinic es un sistema de registros médicos, considerando que si se modifica el expediente médico de un paciente para omitir la alergia a un medicamento o osibles enfermedades, esto commprometerìa el diagòstico y suministro de medicamentos por el profesional de la salud;
CVE-2020-12035;1;El sistema Prismaflex de Baxter es la tecnología de última generación de depuración sanguínea, al afectarse la calibración puede comprometer la vida del paciente;
CVE-2020-12037;1;El sistema Prismaflex de Baxter es la tecnología de última generación de depuración sanguínea, al afectarse la calibración puede comprometer la vida del paciente;
CVE-2020-24862;0;El sistema Pharmacy Medical Store and Sale Point ayuda a gestionar la venta de mediamentos, disponibilidad en inventarios, etc. Este sistema no compromete directamente la salud del paciente;
CVE-2020-27278;1;Hamilton Medical AG es un sistema de ventilación y respirador que es en la actualidad usado para apoyar en el soporte vital a los pacientes tratados por covid-9 y demás complicaciones respiratorias, al existir probabilidad de obtener privilegios de administración, se puede malograr su funcionamiento;
CVE-2020-27282;1;Hamilton Medical AG es un sistema de ventilación y respirador que es en la actualidad usado para apoyar en el soporte vital a los pacientes tratados por covid-9 y demás complicaciones respiratorias, al existir probabilidad de dejarlo inusable, se puede malograr su funcionamiento;
CVE-2020-27290;1;Hamilton Medical AG es un sistema de ventilación y respirador que es en la actualidad usado para apoyar en el soporte vital a los pacientes tratados por covid-9 y demás complicaciones respiratorias, existe una brecha de seguridad inherente a la configuración de los logs e interfaces;
CVE-2021-2040;0;En virtud que oracle argus Safety es un sistema de farmacovigilancia que proporciona un completo fundamento para la gestión de casos e informes y no tiene nada que ver con el apoyo vital a un paciente;
CVE-2021-2110;0;En virtud que oracle argus Safety es un sistema de farmacovigilancia que proporciona un completo fundamento para la gestión de casos e informes y no tiene nada que ver con el apoyo vital a un paciente;
CVE-2021-25401;0;El sistema s health de samsung es un aplicativo orientado en su mayoría a mantenerse en forma a través del ejercicio, en este sentido no es un softwarae de apoyo vital al paciente;
CVE-2021-25425;0;El sistema s health de samsung es un aplicativo orientado en su mayoría a mantenerse en forma a través del ejercicio, en este sentido no es un softwarae de apoyo vital al paciente;
CVE-2021-27408;1;El software Welch Allyn medical es transversal a varios dispositivos de apoyo vital a pacientes como: medidores de presión, aparatos de control visual, medidores cardiacos, monitoreo de pacientes, etc.; 
CVE-2021-27410;1;El software Welch Allyn medical es transversal a varios dispositivos de apoyo vital a pacientes como: medidores de presión, aparatos de control visual, medidores cardiacos, monitoreo de pacientes, etc.;
CVE-2021-31327;0;Remote Clinic v2.0 es un sistema online que permite gestionar registros médicos en formato electrónico, sin embargo no se encuentra directamente relacionado al soporte vital del paciente;
CVE-2021-22156;1;Blackberry  qnx es usado para sistemas críticos para la salud conforme la página: https://blackberry.qnx.com/en/industries/medical;
CVE-2021-25506;0;Samsung health es empleado para obtener datos básicos de salud de un usuario, sin embargo no es indispensable para el apoyo del paciente;
CVE-2021-36948;1;Nexus™ Software Technology es usado como base de conectividad e integración de varios sistemas de monitoreo de salud conforme la página https://www.swisslog-healthcare.com/en-us/products/transport-automation/translogic-pneumatic-tube-system/translogic-stations;
CVE-2021-37161;1;Nexus™ Software Technology es usado como base de conectividad e integración de varios sistemas de monitoreo de salud conforme la página https://www.swisslog-healthcare.com/en-us/products/transport-automation/translogic-pneumatic-tube-system/translogic-stations;
CVE-2021-37162;1;Nexus™ Software Technology es usado como base de conectividad e integración de varios sistemas de monitoreo de salud conforme la página https://www.swisslog-healthcare.com/en-us/products/transport-automation/translogic-pneumatic-tube-system/translogic-stations;
CVE-2021-37163;1;Nexus™ Software Technology es usado como base de conectividad e integración de varios sistemas de monitoreo de salud conforme la página https://www.swisslog-healthcare.com/en-us/products/transport-automation/translogic-pneumatic-tube-system/translogic-stations;
CVE-2021-37164;1;Nexus™ Software Technology es usado como base de conectividad e integración de varios sistemas de monitoreo de salud conforme la página https://www.swisslog-healthcare.com/en-us/products/transport-automation/translogic-pneumatic-tube-system/translogic-stations;
CVE-2021-37165;1;Nexus™ Software Technology es usado como base de conectividad e integración de varios sistemas de monitoreo de salud conforme la página https://www.swisslog-healthcare.com/en-us/products/transport-automation/translogic-pneumatic-tube-system/translogic-stations;
CVE-2021-37166;1;Nexus™ Software Technology es usado como base de conectividad e integración de varios sistemas de monitoreo de salud conforme la página https://www.swisslog-healthcare.com/en-us/products/transport-automation/translogic-pneumatic-tube-system/translogic-stations;
CVE-2021-37167;1;Nexus™ Software Technology es usado como base de conectividad e integración de varios sistemas de monitoreo de salud conforme la página https://www.swisslog-healthcare.com/en-us/products/transport-automation/translogic-pneumatic-tube-system/translogic-stations;
CVE-2021-39375;0;Tasy EMR, de Philips, es un sistema de gestión Hospitalaria, (EMR), no se encuentra directamente vinculado con la criticidad en la salud de un paciente;
CVE-2021-39376;0;Tasy EMR, de Philips, es un sistema de gestión Hospitalaria, (EMR), no se encuentra directamente vinculado con la criticidad en la salud de un paciente;
CVE-2021-37160;1;Nexus™ Software Technology es usado como base de conectividad e integración de varios sistemas de monitoreo de salud conforme la página https://www.swisslog-healthcare.com/en-us/products/transport-automation/translogic-pneumatic-tube-system/translogic-stations;
CVE-2021-32025;1;QNX es usado como base de sistemas críticos para la salud, dispositivos médicos, etc;
CVE-2021-40375;1;OpenEyes es usado para el almacenamiento electrónico oftalmológico de un paciente;
CVE-2021-45918;0;nhi health insurance webservice component es empleado para validar la tarjeta de seguro médico de un paciente, en este sentido no afesta la salud del mismo de manera crítica;
CVE-2022-0388;0;interactive_medical_drawing_of_human_body es un plugin wordpress para dibujar componentes del cuerpo humano;
CVE-2022-22283;0;Samsung Health es empleado para obtener datos básicos de salud de un usuario, sin embargo no es indispensable para el apoyo del paciente;
CVE-2022-22765;0;BD Viper es empleado para exámenes clínicos y no paara soporte vital al paciente;
CVE-2022-22766;1;BD Pyxis products son ePHI que alterando su integridad, pondrían en riesgo al paciente;
CVE-2022-23612;1;OpenMRS almacena registros médicos del paciente que al alteerar su integridad, pondrían en riesgo la vida;
CVE-2022-25394;0;Medical Store Management System gestiona tiendas de medicamentos y no es crucial para la salud del paciente;
CVE-2022-25492;0;Hospitality Management System v1.0 es un sistema de gestión hospitalaria que no está vinculado directamente con el monitoreo de signos vitales a pacientes;
CVE-2022-27935;0;pexip infinity es un sitema de videoconferencia utilizado para telehealth, no monitorea directamente los signos vitales de un paciente;
CVE-2022-28533;0;medical hub directory site 1.0 es un repositorio de clinicas dentro de un centro médico determinado, no está relacionado con monitoreo de salud directamente;
CVE-2022-29938;1;LibreHealth es un sistema que permite el almacenamiento y gestión electrónica del historial médica asociado a un paciente, la vulnerabilidad se encuentra asociada con una amenaza a la integridad de la información almacenada, por lo tanto puede comprometer la vida del paciente al proporcionar información falsa.;
CVE-2022-29939;1;LibreHealth es un sistema que permite el almacenamiento y gestión electrónica del historial médica asociado a un paciente, la vulnerabilidad se encuentra asociada con una amenaza a la integridad de la información almacenada, por lo tanto puede comprometer la vida del paciente al proporcionar información falsa.;
CVE-2022-29940;1;LibreHealth es un sistema que permite el almacenamiento y gestión electrónica del historial médica asociado a un paciente, la vulnerabilidad se encuentra asociada con una amenaza a la integridad de la información almacenada, por lo tanto puede comprometer la vida del paciente al proporcionar información falsa.;
CVE-2022-30277;1;BD Synapsys es usado para gestionar datos de laboratorio de pacientes, que al ser vulnerado puede poner en riesgo la integridad de la información del paciente.
CVE-2022-31492;1;LibreHealth es un sistema que permite el almacenamiento y gestión electrónica del historial médica asociado a un paciente, la vulnerabilidad se encuentra asociada con una amenaza a la integridad de la información almacenada, por lo tanto puede comprometer la vida del paciente al proporcionar información falsa.;
CVE-2022-31493;1;LibreHealth es un sistema que permite el almacenamiento y gestión electrónica del historial médica asociado a un paciente, la vulnerabilidad se encuentra asociada con una amenaza a la integridad de la información almacenada, por lo tanto puede comprometer la vida del paciente al proporcionar información falsa.;
CVE-2022-31494;1;LibreHealth es un sistema que permite el almacenamiento y gestión electrónica del historial médica asociado a un paciente, la vulnerabilidad se encuentra asociada con una amenaza a la integridad de la información almacenada, por lo tanto puede comprometer la vida del paciente al proporcionar información falsa.;
CVE-2022-31495;1;LibreHealth es un sistema que permite el almacenamiento y gestión electrónica del historial médica asociado a un paciente, la vulnerabilidad se encuentra asociada con una amenaza a la integridad de la información almacenada, por lo tanto puede comprometer la vida del paciente al proporcionar información falsa.;
CVE-2022-31496;1;LibreHealth es un sistema que permite el almacenamiento y gestión electrónica del historial médica asociado a un paciente, la vulnerabilidad se encuentra asociada con una amenaza a la integridad de la información almacenada, por lo tanto puede comprometer la vida del paciente al proporcionar información falsa.;
CVE-2022-31497;1;LibreHealth es un sistema que permite el almacenamiento y gestión electrónica del historial médica asociado a un paciente, la vulnerabilidad se encuentra asociada con una amenaza a la integridad de la información almacenada, por lo tanto puede comprometer la vida del paciente al proporcionar información falsa.;
CVE-2022-31498;1;LibreHealth es un sistema que permite el almacenamiento y gestión electrónica del historial médica asociado a un paciente, la vulnerabilidad se encuentra asociada con una amenaza a la integridad de la información almacenada, por lo tanto puede comprometer la vida del paciente al proporcionar información falsa.;